{
  "with_funding": {
    "total": 14321,
    "merged": 9494,
    "merge_rate": 0.6629425319460932,
    "maintainer_prs": 6871,
    "maintainer_merged": 5364,
    "maintainer_merge_rate": 0.780672391209431,
    "avg_time_to_merge_days": 43.75058746654807,
    "avg_reviews": 8.003581209184748
  },
  "without_funding": {
    "total": 9157,
    "merged": 6346,
    "merge_rate": 0.6930217320082996,
    "maintainer_prs": 4693,
    "maintainer_merged": 3871,
    "maintainer_merge_rate": 0.8248455145962071,
    "avg_time_to_merge_days": 13.445929413103618,
    "avg_reviews": 2.1337850614560354
  },
  "total_with_funding": 14321,
  "total_without_funding": 9157
}