{
  "matrix": {
    "critical": {
      "none": 1544,
      "low": 604,
      "high": 6285,
      "medium": 831
    },
    "low": {
      "none": 850,
      "low": 272,
      "high": 2088,
      "medium": 352
    },
    "trivial": {
      "none": 693,
      "low": 235,
      "high": 1353,
      "medium": 266
    },
    "normal": {
      "none": 51,
      "low": 21,
      "medium": 37,
      "high": 155
    },
    "high": {
      "none": 41,
      "medium": 26,
      "low": 17,
      "high": 119
    }
  },
  "stats": {
    "critical": {
      "total": 9264,
      "zero_review": 2148,
      "avg_review_score": 1.7791774611398963,
      "self_merge": 1261,
      "maintainer_pr": 5268,
      "zero_review_rate": 23.186528497409327,
      "self_merge_rate": 23.936977980258163
    },
    "low": {
      "total": 3562,
      "zero_review": 1122,
      "avg_review_score": 1.3236384053902304,
      "self_merge": 707,
      "maintainer_pr": 2232,
      "zero_review_rate": 31.49915777653004,
      "self_merge_rate": 31.675627240143367
    },
    "trivial": {
      "total": 2547,
      "zero_review": 928,
      "avg_review_score": 0.9964664310954063,
      "self_merge": 388,
      "maintainer_pr": 1419,
      "zero_review_rate": 36.43502159403219,
      "self_merge_rate": 27.343199436222694
    },
    "normal": {
      "total": 264,
      "zero_review": 72,
      "avg_review_score": 1.4352272727272726,
      "self_merge": 56,
      "maintainer_pr": 186,
      "zero_review_rate": 27.27272727272727,
      "self_merge_rate": 30.107526881720432
    },
    "high": {
      "total": 203,
      "zero_review": 58,
      "avg_review_score": 1.4827586206896552,
      "self_merge": 34,
      "maintainer_pr": 130,
      "zero_review_rate": 28.57142857142857,
      "self_merge_rate": 26.153846153846157
    }
  },
  "type_analysis": {
    "trivial": {
      "total": 2547,
      "zero_review": 928,
      "zero_review_rate": 36.43502159403219,
      "maintainer_prs": 1419,
      "maintainer_zero_review": 424,
      "maintainer_zero_review_rate": 29.88019732205779,
      "avg_review_score": 0.9964664310954063
    },
    "low": {
      "total": 3562,
      "zero_review": 1122,
      "zero_review_rate": 31.49915777653004,
      "maintainer_prs": 2232,
      "maintainer_zero_review": 664,
      "maintainer_zero_review_rate": 29.749103942652326,
      "avg_review_score": 1.3236384053902304
    },
    "normal": {
      "total": 264,
      "zero_review": 72,
      "zero_review_rate": 27.27272727272727,
      "maintainer_prs": 186,
      "maintainer_zero_review": 51,
      "maintainer_zero_review_rate": 27.419354838709676,
      "avg_review_score": 1.4352272727272726
    },
    "high": {
      "total": 203,
      "zero_review": 58,
      "zero_review_rate": 28.57142857142857,
      "maintainer_prs": 130,
      "maintainer_zero_review": 32,
      "maintainer_zero_review_rate": 24.615384615384617,
      "avg_review_score": 1.4827586206896552
    },
    "critical": {
      "total": 9264,
      "zero_review": 2148,
      "zero_review_rate": 23.186528497409327,
      "maintainer_prs": 5268,
      "maintainer_zero_review": 1214,
      "maintainer_zero_review_rate": 23.044798785117692,
      "avg_review_score": 1.7791774611398963
    }
  }
}