{
  "quality_metrics": {
    "total_reviews": 115070,
    "maintainer_reviews": 59703,
    "non_maintainer_reviews": 55367,
    "depth_metrics": {
      "avg_body_length": 103.85033457895194,
      "median_body_length": 0.0,
      "avg_word_count": 10.494212218649517,
      "avg_inline_comments": 0,
      "avg_code_references": 0.11459111844963935
    },
    "quality_indicators": {
      "rubber_stamp_rate": 0.05222038759016251,
      "code_reference_rate": 0.025636569044929173,
      "question_rate": 0.026453463109411664,
      "suggestion_rate": 0.05428869383853307
    },
    "topic_distribution": {
      "testing": 7273,
      "documentation": 4625,
      "security": 636,
      "design": 1225,
      "style": 1482,
      "performance": 597
    },
    "sentiment_distribution": {
      "neutral": 89930,
      "positive": 24471,
      "negative": 669
    },
    "maintainer_vs_non_maintainer": {
      "body_length": {
        "maintainer": 88.84342495351993,
        "non_maintainer": 120.03249227879422
      },
      "word_count": {
        "maintainer": 8.612331038641274,
        "non_maintainer": 12.523470659418065
      },
      "inline_comments": {
        "maintainer": 0,
        "non_maintainer": 0
      },
      "code_references": {
        "maintainer": 0.08642781769760313,
        "non_maintainer": 0.14495999422038397
      },
      "rubber_stamp_rate": {
        "maintainer": 0.03634658224879822,
        "non_maintainer": 0.06933733090107826
      },
      "topic_count": {
        "maintainer": 0.12759827814347688,
        "non_maintainer": 0.14846388643054528
      }
    }
  },
  "coverage_metrics": {
    "total_prs_analyzed": 12363,
    "avg_files_coverage": 0.0,
    "median_files_coverage": 0.0,
    "prs_with_full_coverage": 0,
    "prs_with_zero_coverage": 12363
  },
  "analysis_date": "2025-12-14T20:43:46.901783",
  "total_prs": 23478
}