{
  "generated_at": "2026-01-07T16:38:00.473350+00:00",
  "method": "manual_calculations",
  "note": "Calculations performed manually (no scipy required). p-values are approximations.",
  "chi_square_test": {
    "chi2": 1668.8534834267962,
    "p_value": "< 0.001",
    "dof": 1,
    "significant": true,
    "cramers_v": 0.32760001132928107,
    "effect_size": "large",
    "contingency_table": [
      [
        2885,
        6656
      ],
      [
        204,
        5805
      ]
    ],
    "historical_rate": 30.23792055340111,
    "recent_rate": 3.394907638542187
  },
  "t_test_self_merge": {
    "t_stat": 0.8299689546886014,
    "p_value": "> 0.05",
    "dof": 12,
    "significant_difference": false,
    "mean1": 0.2971284093057099,
    "mean2": 0.263255103246396,
    "historical_avg": 0.2971284093057099,
    "recent_avg": 0.263255103246396,
    "stable": true,
    "slope": -0.012177263344416205,
    "p_value_trend": "> 0.05",
    "declining": false
  },
  "confidence_intervals": {
    "self_merge_rate": {
      "value": 26.486193827828913,
      "n": 9235,
      "ci_95": [
        25.586215912466503,
        27.386171743191323
      ]
    },
    "zero_review_historical": {
      "value": 30.23792055340111,
      "n": 9541,
      "ci_95": [
        29.316315615579608,
        31.159525491222613
      ]
    },
    "zero_review_recent": {
      "value": 3.394907638542187,
      "n": 6009,
      "ci_95": [
        2.9370094124264923,
        3.8528058646578813
      ]
    }
  }
}